street,city,zip,state,beds,baths,sq__ft,type,sale_date,price,latitude,longitude,price_per_sqft
3526 HIGH ST,SACRAMENTO,95838,CA,2,1,836,Residential,Wed May 21 00:00:00 EDT 2008,59222,38.631913,-121.434879,70.83971291866028
51 OMAHA CT,SACRAMENTO,95823,CA,3,1,1167,Residential,Wed May 21 00:00:00 EDT 2008,68212,38.478902,-121.431028,58.450728363324764
2796 BRANCH ST,SACRAMENTO,95815,CA,2,1,796,Residential,Wed May 21 00:00:00 EDT 2008,68880,38.618305,-121.443839,86.53266331658291
2805 JANETTE WAY,SACRAMENTO,95815,CA,2,1,852,Residential,Wed May 21 00:00:00 EDT 2008,69307,38.616835,-121.439146,81.34624413145539
6001 MCMAHON DR,SACRAMENTO,95824,CA,2,1,797,Residential,Wed May 21 00:00:00 EDT 2008,81900,38.51947,-121.435768,102.7603513174404
5828 PEPPERMILL CT,SACRAMENTO,95841,CA,3,1,1122,Condo,Wed May 21 00:00:00 EDT 2008,89921,38.662595,-121.327813,80.14349376114082
6048 OGDEN NASH WAY,SACRAMENTO,95842,CA,3,2,1104,Residential,Wed May 21 00:00:00 EDT 2008,90895,38.681659,-121.351705,82.33242753623189
2561 19TH AVE,SACRAMENTO,95820,CA,3,1,1177,Residential,Wed May 21 00:00:00 EDT 2008,91002,38.535092,-121.481367,77.31690739167375
11150 TRINITY RIVER DR Unit 114,RANCHO CORDOVA,95670,CA,2,2,941,Condo,Wed May 21 00:00:00 EDT 2008,94905,38.621188,-121.270555,100.85547290116897
7325 10TH ST,RIO LINDA,95673,CA,3,2,1146,Residential,Wed May 21 00:00:00 EDT 2008,98937,38.700909,-121.442979,86.33246073298429
645 MORRISON AVE,SACRAMENTO,95838,CA,3,2,909,Residential,Wed May 21 00:00:00 EDT 2008,100309,38.637663,-121.45152,110.35093509350935
4085 FAWN CIR,SACRAMENTO,95823,CA,3,2,1289,Residential,Wed May 21 00:00:00 EDT 2008,106250,38.470746,-121.458918,82.42823894491855
2113 KIRK WAY,SACRAMENTO,95822,CA,3,1,1020,Residential,Wed May 21 00:00:00 EDT 2008,107502,38.482215,-121.492603,105.39411764705882
4533 LOCH HAVEN WAY,SACRAMENTO,95842,CA,2,2,1022,Residential,Wed May 21 00:00:00 EDT 2008,108750,38.672914,-121.35934,106.40900195694717
7340 HAMDEN PL,SACRAMENTO,95842,CA,2,2,1134,Condo,Wed May 21 00:00:00 EDT 2008,110700,38.700051,-121.351278,97.61904761904762
113 LEEWILL AVE,RIO LINDA,95673,CA,3,2,1356,Residential,Wed May 21 00:00:00 EDT 2008,121630,38.689999,-121.46322,89.6976401179941
6118 STONEHAND AVE,CITRUS HEIGHTS,95621,CA,3,2,1118,Residential,Wed May 21 00:00:00 EDT 2008,122000,38.707851,-121.320707,109.12343470483006
4882 BANDALIN WAY,SACRAMENTO,95823,CA,4,2,1329,Residential,Wed May 21 00:00:00 EDT 2008,122682,38.468173,-121.444071,92.31151241534988
7511 OAKVALE CT,NORTH HIGHLANDS,95660,CA,4,2,1240,Residential,Wed May 21 00:00:00 EDT 2008,123000,38.702792,-121.38221,99.19354838709677
9 PASTURE CT,SACRAMENTO,95834,CA,3,2,1601,Residential,Wed May 21 00:00:00 EDT 2008,124100,38.628631,-121.488097,77.51405371642723
3828 BLACKFOOT WAY,ANTELOPE,95843,CA,3,2,1088,Residential,Wed May 21 00:00:00 EDT 2008,126640,38.70974,-121.37377,116.3970588235294
1469 JANRICK AVE,SACRAMENTO,95832,CA,3,2,1119,Residential,Wed May 21 00:00:00 EDT 2008,129000,38.476472,-121.501711,115.28150134048258
9861 CULP WAY,SACRAMENTO,95827,CA,4,2,1380,Residential,Wed May 21 00:00:00 EDT 2008,131200,38.558423,-121.327948,95.07246376811594
7825 CREEK VALLEY CIR,SACRAMENTO,95828,CA,3,2,1248,Residential,Wed May 21 00:00:00 EDT 2008,132000,38.472122,-121.404199,105.76923076923077
6768 MEDORA DR,NORTH HIGHLANDS,95660,CA,3,2,1152,Residential,Wed May 21 00:00:00 EDT 2008,134555,38.691161,-121.37192,116.80121527777777
3100 EXPLORER DR,SACRAMENTO,95827,CA,3,2,1380,Residential,Wed May 21 00:00:00 EDT 2008,136500,38.566663,-121.332644,98.91304347826087
3920 SHINING STAR DR,SACRAMENTO,95823,CA,3,2,1418,Residential,Wed May 21 00:00:00 EDT 2008,146250,38.48742,-121.462459,103.13822284908322
7661 NIXOS WAY,SACRAMENTO,95823,CA,4,2,1472,Residential,Wed May 21 00:00:00 EDT 2008,148750,38.479553,-121.463317,101.05298913043478
4800 WESTLAKE PKWY Unit 2109,SACRAMENTO,95835,CA,2,2,1304,Condo,Wed May 21 00:00:00 EDT 2008,152000,38.658812,-121.542345,116.56441717791411
7315 KOALA CT,NORTH HIGHLANDS,95660,CA,4,2,1587,Residential,Wed May 21 00:00:00 EDT 2008,161500,38.699251,-121.371414,101.7643352236925
8421 SUNBLAZE WAY,SACRAMENTO,95823,CA,4,2,1580,Residential,Wed May 21 00:00:00 EDT 2008,165000,38.450543,-121.432538,104.43037974683544
7420 ALIX PKWY,SACRAMENTO,95823,CA,4,1,1955,Residential,Wed May 21 00:00:00 EDT 2008,166357,38.489405,-121.452811,85.09309462915601
3820 NATOMA WAY,SACRAMENTO,95838,CA,4,2,1656,Residential,Wed May 21 00:00:00 EDT 2008,166357,38.636748,-121.422159,100.45712560386474
4431 GREEN TREE DR,SACRAMENTO,95823,CA,3,2,1477,Residential,Wed May 21 00:00:00 EDT 2008,168000,38.499954,-121.454469,113.74407582938389
8299 HALBRITE WAY,SACRAMENTO,95828,CA,4,2,1590,Residential,Wed May 21 00:00:00 EDT 2008,173000,38.473814,-121.4,108.80503144654088
7223 KALLIE KAY LN,SACRAMENTO,95823,CA,3,2,1463,Residential,Wed May 21 00:00:00 EDT 2008,174250,38.477553,-121.419463,119.10457963089542
8156 STEINBECK WAY,SACRAMENTO,95828,CA,4,2,1714,Residential,Wed May 21 00:00:00 EDT 2008,174313,38.474853,-121.406326,101.69953325554259
4520 BOMARK WAY,SACRAMENTO,95842,CA,4,2,1943,Multi-Family,Wed May 21 00:00:00 EDT 2008,179580,38.665724,-121.358576,92.42408646423057
5993 SAWYER CIR,SACRAMENTO,95823,CA,4,3,1851,Residential,Wed May 21 00:00:00 EDT 2008,182587,38.4473,-121.435218,98.64235548352242
9021 MADISON AVE,ORANGEVALE,95662,CA,4,2,1603,Residential,Wed May 21 00:00:00 EDT 2008,183200,38.664186,-121.217511,114.28571428571429
7624 BOGEY CT,SACRAMENTO,95828,CA,4,4,2162,Multi-Family,Wed May 21 00:00:00 EDT 2008,195000,38.48009,-121.415102,90.19426456984274
8708 MESA BROOK WAY,ELK GROVE,95624,CA,4,2,1715,Residential,Wed May 21 00:00:00 EDT 2008,199500,38.44076,-121.385792,116.3265306122449
120 GRANT LN,FOLSOM,95630,CA,3,2,1820,Residential,Wed May 21 00:00:00 EDT 2008,200000,38.687742,-121.17104,109.89010989010988
17 SERASPI CT,SACRAMENTO,95834,CA,0,0,0,Residential,Wed May 21 00:00:00 EDT 2008,206000,38.631481,-121.50188,0
8373 BLACKMAN WAY,ELK GROVE,95624,CA,5,3,2136,Residential,Wed May 21 00:00:00 EDT 2008,223058,38.435436,-121.394536,104.42790262172285
9186 KINBRACE CT,SACRAMENTO,95829,CA,4,3,2235,Residential,Wed May 21 00:00:00 EDT 2008,236685,38.463355,-121.358936,105.8993288590604
4243 MIDDLEBURY WAY,MATHER,95655,CA,3,2,2093,Residential,Wed May 21 00:00:00 EDT 2008,237800,38.547991,-121.280483,113.61681796464406
4804 NORIKER DR,ELK GROVE,95757,CA,3,2,2163,Residential,Wed May 21 00:00:00 EDT 2008,242638,38.400974,-121.448424,112.17660656495607
2866 KARITSA AVE,SACRAMENTO,95833,CA,0,0,0,Residential,Wed May 21 00:00:00 EDT 2008,244500,38.626671,-121.52597,0
8636 TEGEA WAY,ELK GROVE,95624,CA,5,3,2508,Residential,Wed May 21 00:00:00 EDT 2008,245918,38.443832,-121.382087,98.05342902711324
5529 LAGUNA PARK DR,ELK GROVE,95758,CA,5,3,2790,Residential,Wed May 21 00:00:00 EDT 2008,258000,38.42568,-121.438062,92.47311827956989
12209 CONSERVANCY WAY,RANCHO CORDOVA,95742,CA,0,0,0,Residential,Wed May 21 00:00:00 EDT 2008,263500,38.553867,-121.219141,0
7842 LAHONTAN CT,SACRAMENTO,95829,CA,4,3,2372,Residential,Wed May 21 00:00:00 EDT 2008,273750,38.472976,-121.318633,115.40893760539629
2064 EXPEDITION WAY,SACRAMENTO,95832,CA,4,3,3009,Residential,Wed May 21 00:00:00 EDT 2008,280987,38.474099,-121.490711,93.3821867730143
2912 NORCADE CIR,SACRAMENTO,95826,CA,8,4,3612,Multi-Family,Wed May 21 00:00:00 EDT 2008,282400,38.559505,-121.364839,78.18383167220377
7731 MASTERS ST,ELK GROVE,95758,CA,5,3,2494,Residential,Wed May 21 00:00:00 EDT 2008,297000,38.442031,-121.410873,119.08580593424219
4727 SAVOIE WAY,SACRAMENTO,95835,CA,5,3,2800,Residential,Wed May 21 00:00:00 EDT 2008,304037,38.658182,-121.549521,108.58464285714285
4359 CREGAN CT,RANCHO CORDOVA,95742,CA,5,4,3516,Residential,Wed May 21 00:00:00 EDT 2008,320000,38.545128,-121.224922,91.01251422070534
5337 DUSTY ROSE WAY,RANCHO CORDOVA,95742,CA,0,0,0,Residential,Wed May 21 00:00:00 EDT 2008,320000,38.528575,-121.2286,0
2115 SMOKESTACK WAY,SACRAMENTO,95833,CA,0,0,0,Residential,Wed May 21 00:00:00 EDT 2008,339500,38.602416,-121.542965,0
6708 PONTA DO SOL WAY,ELK GROVE,95757,CA,4,2,3134,Residential,Wed May 21 00:00:00 EDT 2008,347650,38.380635,-121.425538,110.92852584556478
3020 RICHARDSON CIR,EL DORADO HILLS,95762,CA,3,2,0,Residential,Wed May 21 00:00:00 EDT 2008,352000,38.691299,-121.081752,0
8082 LINDA ISLE LN,SACRAMENTO,95831,CA,0,0,0,Residential,Wed May 21 00:00:00 EDT 2008,370000,38.4772,-121.5215,0
7105 DANBERG WAY,ELK GROVE,95757,CA,5,3,3164,Residential,Wed May 21 00:00:00 EDT 2008,375000,38.4019,-121.420388,118.52085967130215
5579 JERRY LITELL WAY,SACRAMENTO,95835,CA,5,3,3599,Residential,Wed May 21 00:00:00 EDT 2008,381300,38.677126,-121.500519,105.94609613781606
6801 RAWLEY WAY,ELK GROVE,95757,CA,4,3,3440,Residential,Wed May 21 00:00:00 EDT 2008,394470,38.408351,-121.423925,114.67151162790698
4186 TULIP PARK WAY,RANCHO CORDOVA,95742,CA,5,3,3615,Residential,Wed May 21 00:00:00 EDT 2008,430000,38.550617,-121.23526,118.94882434301522
9278 DAIRY CT,ELK GROVE,95624,CA,0,0,0,Residential,Wed May 21 00:00:00 EDT 2008,445000,38.420338,-121.363757,0
868 HILDEBRAND CIR,FOLSOM,95630,CA,0,0,0,Residential,Wed May 21 00:00:00 EDT 2008,585000,38.670947,-121.097727,0
6030 PALERMO WAY,EL DORADO HILLS,95762,CA,4,3,0,Residential,Wed May 21 00:00:00 EDT 2008,600000,38.672761,-121.050378,0
4070 REDONDO DR,EL DORADO HILLS,95762,CA,4,3,0,Residential,Wed May 21 00:00:00 EDT 2008,606238,38.666807,-121.06483,0
315 JUMEL CT,EL DORADO HILLS,95762,CA,6,5,0,Residential,Wed May 21 00:00:00 EDT 2008,830000,38.669931,-121.05958,0
6272 LONGFORD DR Unit 1,CITRUS HEIGHTS,95621,CA,2,1,795,Condo,Tue May 20 00:00:00 EDT 2008,69000,38.680923,-121.313945,86.79245283018868
3432 Y ST,SACRAMENTO,95817,CA,4,2,1099,Residential,Tue May 20 00:00:00 EDT 2008,70000,38.554967,-121.468046,63.69426751592356
9512 EMERALD PARK DR Unit 3,ELK GROVE,95624,CA,2,1,840,Condo,Tue May 20 00:00:00 EDT 2008,71000,38.40573,-121.369832,84.52380952380952
3132 CLAY ST,SACRAMENTO,95815,CA,2,1,800,Residential,Tue May 20 00:00:00 EDT 2008,78000,38.624678,-121.439203,97.5
5221 38TH AVE,SACRAMENTO,95824,CA,2,1,746,Residential,Tue May 20 00:00:00 EDT 2008,78400,38.518044,-121.443555,105.09383378016086
6112 HERMOSA ST,SACRAMENTO,95822,CA,3,1,1067,Residential,Tue May 20 00:00:00 EDT 2008,80000,38.515125,-121.480416,74.97656982193065
483 ARCADE BLVD,SACRAMENTO,95815,CA,4,2,1316,Residential,Tue May 20 00:00:00 EDT 2008,89000,38.623571,-121.454884,67.62917933130699
671 SONOMA AVE,SACRAMENTO,95815,CA,3,1,1337,Residential,Tue May 20 00:00:00 EDT 2008,90000,38.622953,-121.450142,67.31488406881077
5980 79TH ST,SACRAMENTO,95824,CA,2,1,868,Residential,Tue May 20 00:00:00 EDT 2008,90000,38.518373,-121.411779,103.68663594470046
7607 ELDER CREEK RD,SACRAMENTO,95824,CA,3,1,924,Residential,Tue May 20 00:00:00 EDT 2008,92000,38.51055,-121.414768,99.56709956709956
14788 NATCHEZ CT,RANCHO MURIETA,95683,CA,0,0,0,Residential,Tue May 20 00:00:00 EDT 2008,97750,38.492287,-121.100032,0
1069 ACACIA AVE,SACRAMENTO,95815,CA,2,1,1220,Residential,Tue May 20 00:00:00 EDT 2008,98000,38.621998,-121.442238,80.32786885245902
3847 LAS PASAS WAY,SACRAMENTO,95864,CA,3,1,1643,Residential,Tue May 20 00:00:00 EDT 2008,99000,38.588672,-121.373916,60.255629945222154
1121 CREEKSIDE WAY,GALT,95632,CA,3,1,1080,Residential,Tue May 20 00:00:00 EDT 2008,106716,38.241514,-121.312199,98.81111111111112
5307 CABRILLO WAY,SACRAMENTO,95820,CA,3,1,1039,Residential,Tue May 20 00:00:00 EDT 2008,111000,38.52712,-121.435348,106.8334937439846
3725 DON JULIO BLVD,NORTH HIGHLANDS,95660,CA,3,1,1051,Residential,Tue May 20 00:00:00 EDT 2008,111000,38.67895,-121.379406,105.61370123691722
4803 MCCLOUD DR,SACRAMENTO,95842,CA,2,2,967,Residential,Tue May 20 00:00:00 EDT 2008,114800,38.682279,-121.352817,118.717683557394
10542 SILVERWOOD WAY,RANCHO CORDOVA,95670,CA,3,1,1098,Residential,Tue May 20 00:00:00 EDT 2008,120108,38.587156,-121.295778,109.3879781420765
6318 39TH AVE,SACRAMENTO,95824,CA,3,1,1050,Residential,Tue May 20 00:00:00 EDT 2008,123225,38.518942,-121.430158,117.35714285714286
211 MCDANIEL CIR,SACRAMENTO,95838,CA,3,2,1110,Residential,Tue May 20 00:00:00 EDT 2008,123750,38.636565,-121.460383,111.48648648648648
6139 HERMOSA ST,SACRAMENTO,95822,CA,3,2,1120,Residential,Tue May 20 00:00:00 EDT 2008,125000,38.514665,-121.480411,111.60714285714286
2505 RHINE WAY,ELVERTA,95626,CA,3,2,1080,Residential,Tue May 20 00:00:00 EDT 2008,126000,38.717976,-121.407684,116.66666666666667
648 SANTA ANA AVE,SACRAMENTO,95838,CA,3,2,1211,Residential,Tue May 20 00:00:00 EDT 2008,135000,38.658478,-121.450409,111.47811725846408
14 ASHLEY OAKS CT,SACRAMENTO,95815,CA,3,2,1264,Residential,Tue May 20 00:00:00 EDT 2008,135500,38.61779,-121.436765,107.1993670886076
840 TRANQUIL LN,GALT,95632,CA,3,2,1266,Residential,Tue May 20 00:00:00 EDT 2008,140000,38.270617,-121.299205,110.58451816745655
1035 MILLET WAY,SACRAMENTO,95834,CA,3,2,1202,Residential,Tue May 20 00:00:00 EDT 2008,143500,38.631056,-121.48508,119.38435940099833
5201 LAGUNA OAKS DR Unit 126,ELK GROVE,95758,CA,0,0,0,Condo,Tue May 20 00:00:00 EDT 2008,145000,38.423251,-121.444489,0
8001 HARTWICK WAY,SACRAMENTO,95828,CA,4,2,1448,Residential,Tue May 20 00:00:00 EDT 2008,145000,38.488623,-121.410582,100.13812154696133
7458 WINKLEY WAY,SACRAMENTO,95822,CA,3,1,1320,Residential,Tue May 20 00:00:00 EDT 2008,148500,38.487444,-121.491366,112.5
8116 COTTONMILL CIR,SACRAMENTO,95828,CA,3,2,1364,Residential,Tue May 20 00:00:00 EDT 2008,150000,38.482876,-121.405912,109.97067448680352
4660 CEDARWOOD WAY,SACRAMENTO,95823,CA,4,2,1310,Residential,Tue May 20 00:00:00 EDT 2008,150000,38.484834,-121.449316,114.50381679389314
3228 BAGGAN CT,ANTELOPE,95843,CA,3,2,1392,Residential,Tue May 20 00:00:00 EDT 2008,165000,38.715346,-121.388163,118.53448275862068
8515 DARTFORD DR,SACRAMENTO,95823,CA,3,2,1439,Residential,Tue May 20 00:00:00 EDT 2008,168000,38.448288,-121.420719,116.74774148714386
2460 EL ROCCO WAY,RANCHO CORDOVA,95670,CA,3,2,1671,Residential,Tue May 20 00:00:00 EDT 2008,175000,38.591477,-121.31534,104.7277079593058
8244 SUNBIRD WAY,SACRAMENTO,95823,CA,3,2,1740,Residential,Tue May 20 00:00:00 EDT 2008,176250,38.457654,-121.431381,101.29310344827586
7129 SPRINGMONT DR,ELK GROVE,95758,CA,3,2,1716,Residential,Tue May 20 00:00:00 EDT 2008,180400,38.417649,-121.420294,105.12820512820512
8284 RED FOX WAY,ELK GROVE,95758,CA,4,2,1685,Residential,Tue May 20 00:00:00 EDT 2008,182000,38.417182,-121.397231,108.01186943620178
2219 EL CANTO CIR,RANCHO CORDOVA,95670,CA,4,2,1829,Residential,Tue May 20 00:00:00 EDT 2008,184500,38.592383,-121.318669,100.87479496992893
8907 GEMWOOD WAY,ELK GROVE,95758,CA,3,2,1555,Residential,Tue May 20 00:00:00 EDT 2008,185000,38.435471,-121.441173,118.97106109324758
2778 KAWEAH CT,CAMERON PARK,95682,CA,3,1,0,Residential,Tue May 20 00:00:00 EDT 2008,201000,38.694052,-120.995589,0
1636 ALLENWOOD CIR,LINCOLN,95648,CA,4,2,0,Residential,Tue May 20 00:00:00 EDT 2008,202500,38.879192,-121.309477,0
4899 WIND CREEK DR,SACRAMENTO,95838,CA,4,2,1799,Residential,Tue May 20 00:00:00 EDT 2008,205000,38.655887,-121.446119,113.95219566425791
2370 BIG CANYON CREEK RD,PLACERVILLE,95667,CA,3,2,0,Residential,Tue May 20 00:00:00 EDT 2008,205000,38.74458,-120.794254,0
6049 HAMBURG WAY,SACRAMENTO,95823,CA,4,3,1953,Residential,Tue May 20 00:00:00 EDT 2008,205000,38.443253,-121.431992,104.96671786994368
3361 BOW MAR CT,CAMERON PARK,95682,CA,2,2,0,Residential,Tue May 20 00:00:00 EDT 2008,210000,38.69437,-120.996602,0
3139 SPOONWOOD WAY Unit 1,SACRAMENTO,95833,CA,0,0,0,Residential,Tue May 20 00:00:00 EDT 2008,215500,38.626582,-121.52151,0
2340 HURLEY WAY,SACRAMENTO,95825,CA,0,0,0,Condo,Tue May 20 00:00:00 EDT 2008,225000,38.588816,-121.408549,0
51 ANJOU CIR,SACRAMENTO,95835,CA,3,2,2187,Residential,Tue May 20 00:00:00 EDT 2008,235000,38.661658,-121.540633,107.45313214449017
611 BLOSSOM ROCK LN,FOLSOM,95630,CA,0,0,0,Condo,Tue May 20 00:00:00 EDT 2008,240000,38.6457,-121.1197,0
8830 ADUR RD,ELK GROVE,95624,CA,0,0,0,Residential,Tue May 20 00:00:00 EDT 2008,242000,38.43742,-121.372876,0
8219 GWINHURST CIR,SACRAMENTO,95828,CA,4,3,2491,Residential,Tue May 20 00:00:00 EDT 2008,245000,38.459711,-121.384283,98.35407466880771
221 PICASSO CIR,SACRAMENTO,95835,CA,0,0,0,Residential,Tue May 20 00:00:00 EDT 2008,250000,38.676658,-121.528128,0
8207 YORKTON WAY,SACRAMENTO,95829,CA,3,2,2170,Residential,Tue May 20 00:00:00 EDT 2008,257729,38.45967,-121.360461,118.76912442396313
632 NEWBRIDGE LN,LINCOLN,95648,CA,4,2,0,Residential,Tue May 20 00:00:00 EDT 2008,261800,38.879084,-121.298586,0
230 BANKSIDE WAY,SACRAMENTO,95835,CA,0,0,0,Residential,Tue May 20 00:00:00 EDT 2008,270000,38.676937,-121.529244,0
4236 ADRIATIC SEA WAY,SACRAMENTO,95834,CA,0,0,0,Residential,Tue May 20 00:00:00 EDT 2008,270000,38.647961,-121.543162,0
9720 LITTLE HARBOR WAY,ELK GROVE,95624,CA,4,3,2494,Residential,Tue May 20 00:00:00 EDT 2008,280000,38.404934,-121.352405,112.26944667201283
1102 CHESLEY LN,LINCOLN,95648,CA,4,4,0,Residential,Tue May 20 00:00:00 EDT 2008,297500,38.864864,-121.313988,0
11281 STANFORD COURT LN Unit 604,GOLD RIVER,95670,CA,0,0,0,Condo,Tue May 20 00:00:00 EDT 2008,300000,38.625289,-121.260286,0
3224 PARKHAM DR,ROSEVILLE,95747,CA,0,0,0,Residential,Tue May 20 00:00:00 EDT 2008,306500,38.772771,-121.364877,0
15 VANESSA PL,SACRAMENTO,95835,CA,0,0,0,Residential,Tue May 20 00:00:00 EDT 2008,312500,38.668692,-121.54549,0
1312 RENISON LN,LINCOLN,95648,CA,5,3,0,Residential,Tue May 20 00:00:00 EDT 2008,315000,38.866409,-121.308485,0
9688 NATURE TRAIL WAY,ELK GROVE,95757,CA,5,3,3389,Residential,Tue May 20 00:00:00 EDT 2008,370000,38.405224,-121.479275,109.17674830333432
5924 TANUS CIR,ROCKLIN,95677,CA,4,2,0,Residential,Tue May 20 00:00:00 EDT 2008,380000,38.778691,-121.204292,0
9629 CEDAR OAK WAY,ELK GROVE,95757,CA,5,4,3260,Residential,Tue May 20 00:00:00 EDT 2008,385000,38.405527,-121.431746,118.09815950920246
1092 MAUGHAM CT,GALT,95632,CA,5,4,3746,Residential,Tue May 20 00:00:00 EDT 2008,420000,38.271646,-121.286848,112.11959423384944
5404 ALMOND FALLS WAY,RANCHO CORDOVA,95742,CA,0,0,0,Residential,Tue May 20 00:00:00 EDT 2008,425000,38.527502,-121.233492,0
14 CASA VATONI PL,SACRAMENTO,95834,CA,0,0,0,Residential,Tue May 20 00:00:00 EDT 2008,433500,38.650221,-121.551704,0
1456 EAGLESFIELD LN,LINCOLN,95648,CA,4,3,0,Residential,Tue May 20 00:00:00 EDT 2008,436746,38.857635,-121.311375,0
4100 BOTHWELL CIR,EL DORADO HILLS,95762,CA,5,3,0,Residential,Tue May 20 00:00:00 EDT 2008,438700,38.679136,-121.034329,0
1032 SOUZA DR,EL DORADO HILLS,95762,CA,3,2,0,Residential,Tue May 20 00:00:00 EDT 2008,460000,38.668239,-121.064437,0
9760 LAZULITE CT,ELK GROVE,95624,CA,4,3,3992,Residential,Tue May 20 00:00:00 EDT 2008,460000,38.403609,-121.335541,115.23046092184369
2125 BIG SKY DR,ROCKLIN,95765,CA,5,3,0,Residential,Tue May 20 00:00:00 EDT 2008,480000,38.801637,-121.278798,0
201 FIRESTONE DR,ROSEVILLE,95678,CA,0,0,0,Residential,Tue May 20 00:00:00 EDT 2008,500500,38.770153,-121.300039,0
1740 HIGH ST,AUBURN,95603,CA,3,3,0,Residential,Tue May 20 00:00:00 EDT 2008,504000,38.891935,-121.08434,0
2733 DANA LOOP,EL DORADO HILLS,95762,CA,0,0,0,Residential,Tue May 20 00:00:00 EDT 2008,541000,38.628459,-121.055078,0
9741 SADDLEBRED CT,WILTON,95693,CA,0,0,0,Residential,Tue May 20 00:00:00 EDT 2008,560000,38.408841,-121.198039,0
8616 ROCKPORTE CT,ROSEVILLE,95747,CA,4,2,0,Residential,Tue May 20 00:00:00 EDT 2008,614000,38.742118,-121.359909,0
5840 WALERGA RD,SACRAMENTO,95842,CA,2,1,840,Condo,Mon May 19 00:00:00 EDT 2008,40000,38.673678,-121.357471,47.61904761904762
923 FULTON AVE,SACRAMENTO,95825,CA,1,1,484,Condo,Mon May 19 00:00:00 EDT 2008,48000,38.582279,-121.401482,99.17355371900827
261 REDONDO AVE,SACRAMENTO,95815,CA,3,1,970,Residential,Mon May 19 00:00:00 EDT 2008,61500,38.620685,-121.460539,63.402061855670105
4030 BROADWAY,SACRAMENTO,95817,CA,2,1,623,Residential,Mon May 19 00:00:00 EDT 2008,62050,38.546798,-121.460038,99.59871589085073
3660 22ND AVE,SACRAMENTO,95820,CA,2,1,932,Residential,Mon May 19 00:00:00 EDT 2008,65000,38.532718,-121.46747,69.74248927038627
3924 HIGH ST,SACRAMENTO,95838,CA,2,1,796,Residential,Mon May 19 00:00:00 EDT 2008,65000,38.638797,-121.435049,81.65829145728644
4734 14TH AVE,SACRAMENTO,95820,CA,2,1,834,Residential,Mon May 19 00:00:00 EDT 2008,68000,38.539447,-121.450858,81.5347721822542
4734 14TH AVE,SACRAMENTO,95820,CA,2,1,834,Residential,Mon May 19 00:00:00 EDT 2008,68000,38.539447,-121.450858,81.5347721822542
5050 RHODE ISLAND DR Unit 4,SACRAMENTO,95841,CA,2,1,924,Condo,Mon May 19 00:00:00 EDT 2008,77000,38.658739,-121.333561,83.33333333333333
4513 GREENHOLME DR,SACRAMENTO,95842,CA,2,1,795,Condo,Mon May 19 00:00:00 EDT 2008,82732,38.669104,-121.359008,104.06540880503145
3845 ELM ST,SACRAMENTO,95838,CA,3,1,1250,Residential,Mon May 19 00:00:00 EDT 2008,84000,38.637337,-121.432835,67.2
3908 17TH AVE,SACRAMENTO,95820,CA,2,1,984,Residential,Mon May 19 00:00:00 EDT 2008,84675,38.53728,-121.463531,86.05182926829268
7109 CHANDLER DR,SACRAMENTO,95828,CA,3,1,1013,Residential,Mon May 19 00:00:00 EDT 2008,85000,38.497237,-121.424187,83.90918065153011
7541 SKELTON WAY,SACRAMENTO,95822,CA,3,1,1012,Residential,Mon May 19 00:00:00 EDT 2008,90000,38.484274,-121.488851,88.93280632411067
9058 MONTOYA ST,SACRAMENTO,95826,CA,2,1,795,Condo,Mon May 19 00:00:00 EDT 2008,90000,38.559144,-121.368387,113.20754716981132
1016 CONGRESS AVE,SACRAMENTO,95838,CA,2,2,918,Residential,Mon May 19 00:00:00 EDT 2008,91000,38.630151,-121.442789,99.12854030501089
540 MORRISON AVE,SACRAMENTO,95838,CA,3,1,1082,Residential,Mon May 19 00:00:00 EDT 2008,95000,38.637704,-121.453946,87.8003696857671
5303 JERRETT WAY,SACRAMENTO,95842,CA,2,1,964,Residential,Mon May 19 00:00:00 EDT 2008,97500,38.663282,-121.359631,101.14107883817428
2820 DEL PASO BLVD,SACRAMENTO,95815,CA,4,2,1404,Multi-Family,Mon May 19 00:00:00 EDT 2008,100000,38.617718,-121.440089,71.22507122507122
6013 ROWAN WAY,CITRUS HEIGHTS,95621,CA,2,1,888,Residential,Mon May 19 00:00:00 EDT 2008,101000,38.675893,-121.2963,113.73873873873873
2987 PONDEROSA LN,SACRAMENTO,95815,CA,4,2,1120,Residential,Mon May 19 00:00:00 EDT 2008,102750,38.622243,-121.457863,91.74107142857143
3732 LANKERSHIM WAY,NORTH HIGHLANDS,95660,CA,3,1,1331,Residential,Mon May 19 00:00:00 EDT 2008,112500,38.68972,-121.378399,84.5229151014275
2216 DUNLAP DR,SACRAMENTO,95821,CA,3,1,1014,Residential,Mon May 19 00:00:00 EDT 2008,113000,38.623738,-121.41305,111.43984220907298
3503 21ST AVE,SACRAMENTO,95820,CA,4,2,1448,Residential,Mon May 19 00:00:00 EDT 2008,114000,38.53361,-121.469308,78.7292817679558
523 EXCHANGE ST,SACRAMENTO,95838,CA,3,1,966,Residential,Mon May 19 00:00:00 EDT 2008,114000,38.659414,-121.45408,118.01242236024845
167 VALLEY OAK DR,ROSEVILLE,95678,CA,2,2,1100,Condo,Mon May 19 00:00:00 EDT 2008,115000,38.732429,-121.288069,104.54545454545455
7876 BURLINGTON WAY,SACRAMENTO,95832,CA,3,1,1174,Residential,Mon May 19 00:00:00 EDT 2008,116100,38.470093,-121.468347,98.89267461669506
3726 JONKO AVE,NORTH HIGHLANDS,95660,CA,3,2,1207,Residential,Mon May 19 00:00:00 EDT 2008,119250,38.656131,-121.377265,98.7986743993372
7342 GIGI PL,SACRAMENTO,95828,CA,4,4,1995,Multi-Family,Mon May 19 00:00:00 EDT 2008,120000,38.490704,-121.410176,60.150375939849624
4621 COUNTRY SCENE WAY,SACRAMENTO,95823,CA,3,2,1366,Residential,Mon May 19 00:00:00 EDT 2008,120108,38.470187,-121.448149,87.9267935578331
201 CARLO CT,GALT,95632,CA,3,2,1080,Residential,Mon May 19 00:00:00 EDT 2008,122000,38.24227,-121.31032,112.96296296296296
6743 21ST ST,SACRAMENTO,95822,CA,3,2,1104,Residential,Mon May 19 00:00:00 EDT 2008,123000,38.50372,-121.490657,111.41304347826087
2847 BELGRADE WAY,SACRAMENTO,95833,CA,4,2,1390,Residential,Mon May 19 00:00:00 EDT 2008,125573,38.617173,-121.482541,90.34028776978417
7741 MILLDALE CIR,ELVERTA,95626,CA,4,2,1354,Residential,Mon May 19 00:00:00 EDT 2008,126714,38.705834,-121.43919,93.58493353028065
7349 FLETCHER FARM DR,SACRAMENTO,95828,CA,4,2,1587,Residential,Mon May 19 00:00:00 EDT 2008,127500,38.49069,-121.382619,80.34026465028356
7226 LARCHMONT DR,NORTH HIGHLANDS,95660,CA,3,2,1209,Residential,Mon May 19 00:00:00 EDT 2008,130000,38.699269,-121.376334,107.52688172043011
4114 35TH AVE,SACRAMENTO,95824,CA,2,1,1139,Residential,Mon May 19 00:00:00 EDT 2008,133105,38.520941,-121.459355,116.8612818261633
617 M ST,RIO LINDA,95673,CA,2,2,1690,Residential,Mon May 19 00:00:00 EDT 2008,136500,38.691104,-121.451832,80.76923076923077
7032 FAIR OAKS BLVD,CARMICHAEL,95608,CA,3,2,1245,Condo,Mon May 19 00:00:00 EDT 2008,139500,38.628563,-121.328297,112.04819277108433
2421 SANTINA WAY,ELVERTA,95626,CA,3,2,1416,Residential,Mon May 19 00:00:00 EDT 2008,140000,38.71865,-121.407763,98.87005649717514
2368 CRAIG AVE,SACRAMENTO,95832,CA,3,2,1300,Residential,Mon May 19 00:00:00 EDT 2008,140800,38.47807,-121.48114,108.3076923076923
7620 DARLA WAY,SACRAMENTO,95828,CA,4,2,1590,Residential,Mon May 19 00:00:00 EDT 2008,147000,38.478502,-121.403517,92.45283018867924
8344 FIELDPOPPY CIR,SACRAMENTO,95828,CA,3,2,1407,Residential,Mon May 19 00:00:00 EDT 2008,149600,38.479083,-121.400702,106.32551528073917
3624 20TH AVE,SACRAMENTO,95820,CA,5,2,1516,Residential,Mon May 19 00:00:00 EDT 2008,150000,38.534508,-121.467907,98.94459102902374
10001 WOODCREEK OAKS BLVD Unit 1415,ROSEVILLE,95747,CA,2,2,0,Condo,Mon May 19 00:00:00 EDT 2008,150000,38.795529,-121.328819,0
2848 PROVO WAY,SACRAMENTO,95822,CA,3,2,1646,Residential,Mon May 19 00:00:00 EDT 2008,150000,38.489759,-121.474754,91.13001215066829
6045 EHRHARDT AVE,SACRAMENTO,95823,CA,3,2,1676,Residential,Mon May 19 00:00:00 EDT 2008,155000,38.457157,-121.433065,92.48210023866348
1223 LAMBERTON CIR,SACRAMENTO,95838,CA,3,2,1370,Residential,Mon May 19 00:00:00 EDT 2008,155435,38.646677,-121.437573,113.45620437956204
1223 LAMBERTON CIR,SACRAMENTO,95838,CA,3,2,1370,Residential,Mon May 19 00:00:00 EDT 2008,155500,38.646677,-121.437573,113.5036496350365
6000 BIRCHGLADE WAY,CITRUS HEIGHTS,95621,CA,4,2,1351,Residential,Mon May 19 00:00:00 EDT 2008,158000,38.70166,-121.323249,116.95040710584752
8363 LANGTREE WAY,SACRAMENTO,95823,CA,3,2,1452,Residential,Mon May 19 00:00:00 EDT 2008,160000,38.45356,-121.435959,110.19283746556474
2956 DAVENPORT WAY,SACRAMENTO,95833,CA,4,2,1917,Residential,Mon May 19 00:00:00 EDT 2008,170000,38.620687,-121.482619,88.68022952529995
10062 LINCOLN VILLAGE DR,SACRAMENTO,95827,CA,3,2,1520,Residential,Mon May 19 00:00:00 EDT 2008,170000,38.564,-121.320023,111.84210526315789
8032 DUSENBERG CT,SACRAMENTO,95828,CA,4,2,1638,Residential,Mon May 19 00:00:00 EDT 2008,180000,38.466499,-121.381119,109.89010989010988
6671 FOXWOOD CT,SACRAMENTO,95841,CA,4,2,1766,Residential,Mon May 19 00:00:00 EDT 2008,207000,38.687943,-121.328883,117.2140430351076
8165 AYN RAND CT,SACRAMENTO,95828,CA,4,3,1940,Residential,Mon May 19 00:00:00 EDT 2008,208000,38.468639,-121.403265,107.21649484536083
9474 VILLAGE TREE DR,ELK GROVE,95758,CA,4,2,1776,Residential,Mon May 19 00:00:00 EDT 2008,210000,38.413947,-121.408276,118.24324324324324
8167 DERBY PARK CT,SACRAMENTO,95828,CA,4,2,1872,Residential,Mon May 19 00:00:00 EDT 2008,213675,38.460492,-121.373379,114.1426282051282
2945 RED HAWK WAY,SACRAMENTO,95833,CA,4,2,1856,Residential,Mon May 19 00:00:00 EDT 2008,215000,38.619675,-121.496903,115.84051724137932
3228 I ST,SACRAMENTO,95816,CA,4,3,1939,Residential,Mon May 19 00:00:00 EDT 2008,215000,38.573844,-121.462839,110.881897885508
110 COPPER LEAF WAY,SACRAMENTO,95838,CA,3,2,2142,Residential,Mon May 19 00:00:00 EDT 2008,218000,38.658466,-121.460661,101.77404295051353
4508 OLD DAIRY DR,ANTELOPE,95843,CA,4,3,2026,Residential,Mon May 19 00:00:00 EDT 2008,231200,38.72286,-121.358939,114.11648568608095
10949 SCOTSMAN WAY,RANCHO CORDOVA,95670,CA,5,4,2382,Multi-Family,Mon May 19 00:00:00 EDT 2008,236000,38.603686,-121.277844,99.07640638119227
3305 RIO ROCA CT,ANTELOPE,95843,CA,4,3,2652,Residential,Mon May 19 00:00:00 EDT 2008,239700,38.725079,-121.387698,90.38461538461539
100 TOURMALINE CIR,SACRAMENTO,95834,CA,5,3,3076,Residential,Mon May 19 00:00:00 EDT 2008,240000,38.63437,-121.510779,78.02340702210664
3662 RIVER DR,SACRAMENTO,95833,CA,4,3,2447,Residential,Mon May 19 00:00:00 EDT 2008,246000,38.604969,-121.54255,100.53126277073969
8491 CRYSTAL WALK CIR,ELK GROVE,95758,CA,0,0,0,Residential,Mon May 19 00:00:00 EDT 2008,261000,38.416916,-121.407554,0
361 MAHONIA CIR,SACRAMENTO,95835,CA,4,3,2175,Residential,Mon May 19 00:00:00 EDT 2008,261000,38.676172,-121.509761,120.0
11826 DIONYSUS WAY,RANCHO CORDOVA,95742,CA,4,2,2711,Residential,Mon May 19 00:00:00 EDT 2008,266000,38.551046,-121.239411,98.11877535964588
10372 VIA CINTA CT,ELK GROVE,95757,CA,4,3,2724,Residential,Mon May 19 00:00:00 EDT 2008,274425,38.380089,-121.428186,100.74339207048457
6286 LONETREE BLVD,ROCKLIN,95765,CA,0,0,0,Residential,Mon May 19 00:00:00 EDT 2008,274500,38.805036,-121.293608,0
2242 ABLE WAY,SACRAMENTO,95835,CA,4,3,2550,Residential,Mon May 19 00:00:00 EDT 2008,277980,38.666074,-121.509743,109.01176470588236
26 JEANROSS CT,SACRAMENTO,95832,CA,5,3,2992,Residential,Mon May 19 00:00:00 EDT 2008,295000,38.473162,-121.491085,98.59625668449198
2513 OLD KENMARE RD,LINCOLN,95648,CA,5,3,0,Residential,Mon May 19 00:00:00 EDT 2008,304000,38.847396,-121.259586,0
3072 VILLAGE PLAZA DR,ROSEVILLE,95747,CA,0,0,0,Residential,Mon May 19 00:00:00 EDT 2008,307000,38.773094,-121.365905,0
5912 DEEPDALE WAY,ELK GROVE,95758,CA,5,3,3468,Residential,Mon May 19 00:00:00 EDT 2008,320000,38.439565,-121.436606,92.2722029988466
12241 CANYONLANDS DR,RANCHO CORDOVA,95742,CA,0,0,0,Residential,Mon May 19 00:00:00 EDT 2008,331500,38.557293,-121.217611,0
907 RIO ROBLES AVE,SACRAMENTO,95838,CA,0,0,0,Residential,Mon May 19 00:00:00 EDT 2008,344755,38.664765,-121.445006,0
1033 PARK STREAM DR,GALT,95632,CA,0,0,0,Residential,Mon May 19 00:00:00 EDT 2008,355000,38.287785,-121.289903,0
1322 SUTTER WALK,SACRAMENTO,95816,CA,0,0,0,Condo,Mon May 19 00:00:00 EDT 2008,360000,38.53805,-121.5047,0
7641 ROSEHALL DR,ROSEVILLE,95678,CA,3,2,0,Residential,Mon May 19 00:00:00 EDT 2008,367554,38.791617,-121.286147,0
1336 LAYSAN TEAL DR,ROSEVILLE,95747,CA,0,0,0,Residential,Mon May 19 00:00:00 EDT 2008,368500,38.796121,-121.319963,0
2113 FALL TRAIL CT,PLACERVILLE,95667,CA,4,2,0,Residential,Mon May 19 00:00:00 EDT 2008,371086,38.733155,-120.748039,0
6313 CASTRO VERDE WAY,ELK GROVE,95757,CA,0,0,0,Residential,Mon May 19 00:00:00 EDT 2008,383000,38.381102,-121.42901,0
2743 DEAKIN PL,EL DORADO HILLS,95762,CA,3,2,0,Residential,Mon May 19 00:00:00 EDT 2008,400000,38.69288,-121.073551,0
2148 RANCH VIEW DR,ROCKLIN,95765,CA,0,0,0,Residential,Mon May 19 00:00:00 EDT 2008,413000,38.837455,-121.289337,0
3013 BRIDLEWOOD DR,EL DORADO HILLS,95762,CA,4,3,0,Residential,Mon May 19 00:00:00 EDT 2008,420000,38.675519,-121.015862,0
2809 LOON CT,CAMERON PARK,95682,CA,4,2,0,Residential,Mon May 19 00:00:00 EDT 2008,423000,38.687072,-121.004729,0
5201 BLOSSOM RANCH DR,ELK GROVE,95757,CA,4,4,4303,Residential,Mon May 19 00:00:00 EDT 2008,450000,38.399436,-121.444041,104.57820125493842
3027 PALMATE WAY,SACRAMENTO,95834,CA,5,3,4246,Residential,Mon May 19 00:00:00 EDT 2008,452000,38.628955,-121.529269,106.4531323598681
5746 GELSTON WAY,EL DORADO HILLS,95762,CA,4,3,0,Residential,Mon May 19 00:00:00 EDT 2008,471000,38.677015,-121.034083,0
719 BAYWOOD CT,EL DORADO HILLS,95762,CA,5,3,0,Residential,Mon May 19 00:00:00 EDT 2008,487500,38.647598,-121.077801,0
5954 TANUS CIR,ROCKLIN,95677,CA,3,3,0,Residential,Mon May 19 00:00:00 EDT 2008,488750,38.777585,-121.2036,0
408 KIRKWOOD CT,LINCOLN,95648,CA,2,2,0,Residential,Mon May 19 00:00:00 EDT 2008,512000,38.861615,-121.26869,0
1732 TUSCAN GROVE CIR,ROSEVILLE,95747,CA,5,3,0,Residential,Mon May 19 00:00:00 EDT 2008,520000,38.796683,-121.342555,0
20 CRYSTALWOOD CIR,LINCOLN,95648,CA,0,0,0,Residential,Mon May 19 00:00:00 EDT 2008,4897,38.885327,-121.289412,0
24 CRYSTALWOOD CIR,LINCOLN,95648,CA,0,0,0,Residential,Mon May 19 00:00:00 EDT 2008,4897,38.885132,-121.289405,0
28 CRYSTALWOOD CIR,LINCOLN,95648,CA,0,0,0,Residential,Mon May 19 00:00:00 EDT 2008,4897,38.884936,-121.289397,0
32 CRYSTALWOOD CIR,LINCOLN,95648,CA,0,0,0,Residential,Mon May 19 00:00:00 EDT 2008,4897,38.884741,-121.28939,0
36 CRYSTALWOOD CIR,LINCOLN,95648,CA,0,0,0,Residential,Mon May 19 00:00:00 EDT 2008,4897,38.884599,-121.289406,0
40 CRYSTALWOOD CIR,LINCOLN,95648,CA,0,0,0,Residential,Mon May 19 00:00:00 EDT 2008,4897,38.884535,-121.289619,0
44 CRYSTALWOOD CIR,LINCOLN,95648,CA,0,0,0,Residential,Mon May 19 00:00:00 EDT 2008,4897,38.88459,-121.289835,0
48 CRYSTALWOOD CIR,LINCOLN,95648,CA,0,0,0,Residential,Mon May 19 00:00:00 EDT 2008,4897,38.884667,-121.289896,0
52 CRYSTALWOOD CIR,LINCOLN,95648,CA,0,0,0,Residential,Mon May 19 00:00:00 EDT 2008,4897,38.88478,-121.289911,0
68 CRYSTALWOOD CIR,LINCOLN,95648,CA,0,0,0,Residential,Mon May 19 00:00:00 EDT 2008,4897,38.885236,-121.289928,0
72 CRYSTALWOOD CIR,LINCOLN,95648,CA,0,0,0,Residential,Mon May 19 00:00:00 EDT 2008,4897,38.88535,-121.289926,0
76 CRYSTALWOOD CIR,LINCOLN,95648,CA,0,0,0,Residential,Mon May 19 00:00:00 EDT 2008,4897,38.885464,-121.289922,0
80 CRYSTALWOOD CIR,LINCOLN,95648,CA,0,0,0,Residential,Mon May 19 00:00:00 EDT 2008,4897,38.885578,-121.289919,0
84 CRYSTALWOOD CIR,LINCOLN,95648,CA,0,0,0,Residential,Mon May 19 00:00:00 EDT 2008,4897,38.885692,-121.289915,0
88 CRYSTALWOOD CIR,LINCOLN,95648,CA,0,0,0,Residential,Mon May 19 00:00:00 EDT 2008,4897,38.885806,-121.289911,0
92 CRYSTALWOOD CIR,LINCOLN,95648,CA,0,0,0,Residential,Mon May 19 00:00:00 EDT 2008,4897,38.88592,-121.289908,0
96 CRYSTALWOOD CIR,LINCOLN,95648,CA,0,0,0,Residential,Mon May 19 00:00:00 EDT 2008,4897,38.886024,-121.289859,0
100 CRYSTALWOOD CIR,LINCOLN,95648,CA,0,0,0,Residential,Mon May 19 00:00:00 EDT 2008,4897,38.886091,-121.289744,0
434 1ST ST,LINCOLN,95648,CA,0,0,0,Residential,Mon May 19 00:00:00 EDT 2008,4897,38.88653,-121.289406,0
3 E ST,LINCOLN,95648,CA,0,0,0,Residential,Mon May 19 00:00:00 EDT 2008,4897,38.884692,-121.290288,0
11 E ST,LINCOLN,95648,CA,0,0,0,Residential,Mon May 19 00:00:00 EDT 2008,4897,38.884879,-121.290257,0
19 E ST,LINCOLN,95648,CA,0,0,0,Residential,Mon May 19 00:00:00 EDT 2008,4897,38.885017,-121.290262,0
27 E ST,LINCOLN,95648,CA,0,0,0,Residential,Mon May 19 00:00:00 EDT 2008,4897,38.885173,-121.29027,0
35 E ST,LINCOLN,95648,CA,0,0,0,Residential,Mon May 19 00:00:00 EDT 2008,4897,38.885328,-121.290275,0
43 E ST,LINCOLN,95648,CA,0,0,0,Residential,Mon May 19 00:00:00 EDT 2008,4897,38.885483,-121.290277,0
51 E ST,LINCOLN,95648,CA,4,2,0,Residential,Mon May 19 00:00:00 EDT 2008,4897,38.885638,-121.290279,0
59 E ST,LINCOLN,95648,CA,3,2,0,Residential,Mon May 19 00:00:00 EDT 2008,4897,38.885794,-121.290281,0
75 E ST,LINCOLN,95648,CA,3,2,0,Residential,Mon May 19 00:00:00 EDT 2008,4897,38.886104,-121.290285,0
63 CRYSTALWOOD CIR,LINCOLN,95648,CA,0,0,0,Residential,Mon May 19 00:00:00 EDT 2008,4897,38.885093,-121.289932,0
398 1ST ST,LINCOLN,95648,CA,0,0,0,Residential,Mon May 19 00:00:00 EDT 2008,4897,38.88653,-121.288952,0
386 1ST ST,LINCOLN,95648,CA,0,0,0,Residential,Mon May 19 00:00:00 EDT 2008,4897,38.886528,-121.288869,0
374 1ST ST,LINCOLN,95648,CA,0,0,0,Residential,Mon May 19 00:00:00 EDT 2008,4897,38.886525,-121.288787,0
116 CRYSTALWOOD WAY,LINCOLN,95648,CA,0,0,0,Residential,Mon May 19 00:00:00 EDT 2008,4897,38.886282,-121.289586,0
108 CRYSTALWOOD WAY,LINCOLN,95648,CA,0,0,0,Residential,Mon May 19 00:00:00 EDT 2008,4897,38.886282,-121.289646,0
100 CRYSTALWOOD WAY,LINCOLN,95648,CA,0,0,0,Residential,Mon May 19 00:00:00 EDT 2008,4897,38.886282,-121.289706,0
55 CRYSTALWOOD CIR,LINCOLN,95648,CA,0,0,0,Residential,Mon May 19 00:00:00 EDT 2008,4897,38.884865,-121.289922,0
51 CRYSTALWOOD CIR,LINCOLN,95648,CA,0,0,0,Residential,Mon May 19 00:00:00 EDT 2008,4897,38.884752,-121.289907,0
47 CRYSTALWOOD CIR,LINCOLN,95648,CA,0,0,0,Residential,Mon May 19 00:00:00 EDT 2008,4897,38.884638,-121.289893,0
43 CRYSTALWOOD CIR,LINCOLN,95648,CA,0,0,0,Residential,Mon May 19 00:00:00 EDT 2008,4897,38.884568,-121.289784,0
39 CRYSTALWOOD CIR,LINCOLN,95648,CA,0,0,0,Residential,Mon May 19 00:00:00 EDT 2008,4897,38.884546,-121.289562,0
35 CRYSTALWOOD CIR,LINCOLN,95648,CA,0,0,0,Residential,Mon May 19 00:00:00 EDT 2008,4897,38.884645,-121.289397,0
31 CRYSTALWOOD CIR,LINCOLN,95648,CA,0,0,0,Residential,Mon May 19 00:00:00 EDT 2008,4897,38.88479,-121.289392,0
27 CRYSTALWOOD CIR,LINCOLN,95648,CA,0,0,0,Residential,Mon May 19 00:00:00 EDT 2008,4897,38.884985,-121.289399,0
23 CRYSTALWOOD CIR,LINCOLN,95648,CA,0,0,0,Residential,Mon May 19 00:00:00 EDT 2008,4897,38.885181,-121.289406,0
19 CRYSTALWOOD CIR,LINCOLN,95648,CA,0,0,0,Residential,Mon May 19 00:00:00 EDT 2008,4897,38.885376,-121.289414,0
15 CRYSTALWOOD CIR,LINCOLN,95648,CA,0,0,0,Residential,Mon May 19 00:00:00 EDT 2008,4897,38.885571,-121.289421,0
7 CRYSTALWOOD CIR,LINCOLN,95648,CA,0,0,0,Residential,Mon May 19 00:00:00 EDT 2008,4897,38.885962,-121.289436,0
7 CRYSTALWOOD CIR,LINCOLN,95648,CA,0,0,0,Residential,Mon May 19 00:00:00 EDT 2008,4897,38.885962,-121.289436,0
3 CRYSTALWOOD CIR,LINCOLN,95648,CA,0,0,0,Residential,Mon May 19 00:00:00 EDT 2008,4897,38.886093,-121.289584,0
8208 WOODYARD WAY,CITRUS HEIGHTS,95621,CA,3,2,1166,Residential,Fri May 16 00:00:00 EDT 2008,30000,38.715322,-121.314787,25.728987993138936
113 RINETTI WAY,RIO LINDA,95673,CA,0,0,0,Residential,Fri May 16 00:00:00 EDT 2008,30000,38.687172,-121.463933,0
15 LOORZ CT,SACRAMENTO,95823,CA,2,1,838,Residential,Fri May 16 00:00:00 EDT 2008,55422,38.471646,-121.435158,66.13603818615752
5805 DOTMAR WAY,NORTH HIGHLANDS,95660,CA,2,1,904,Residential,Fri May 16 00:00:00 EDT 2008,63000,38.672642,-121.380343,69.69026548672566
2332 CAMBRIDGE ST,SACRAMENTO,95815,CA,2,1,1032,Residential,Fri May 16 00:00:00 EDT 2008,65000,38.608085,-121.449651,62.98449612403101
3812 BELDEN ST,SACRAMENTO,95838,CA,2,1,904,Residential,Fri May 16 00:00:00 EDT 2008,65000,38.636833,-121.44164,71.90265486725664
3348 40TH ST,SACRAMENTO,95817,CA,2,1,1080,Residential,Fri May 16 00:00:00 EDT 2008,65000,38.544162,-121.460652,60.18518518518518
127 QUASAR CIR,SACRAMENTO,95822,CA,2,2,990,Residential,Fri May 16 00:00:00 EDT 2008,66500,38.493504,-121.475304,67.17171717171718
3812 CYPRESS ST,SACRAMENTO,95838,CA,2,1,900,Residential,Fri May 16 00:00:00 EDT 2008,71000,38.636877,-121.444948,78.88888888888889
5821 64TH ST,SACRAMENTO,95824,CA,2,1,861,Residential,Fri May 16 00:00:00 EDT 2008,75000,38.521202,-121.428146,87.10801393728222
8248 CENTER PKWY,SACRAMENTO,95823,CA,2,1,906,Condo,Fri May 16 00:00:00 EDT 2008,77000,38.459002,-121.428794,84.98896247240619
1171 SONOMA AVE,SACRAMENTO,95815,CA,2,1,1011,Residential,Fri May 16 00:00:00 EDT 2008,85000,38.6238,-121.439872,84.0751730959446
4250 ARDWELL WAY,SACRAMENTO,95823,CA,3,2,1089,Residential,Fri May 16 00:00:00 EDT 2008,95625,38.466938,-121.455631,87.8099173553719
3104 CLAY ST,SACRAMENTO,95815,CA,2,1,832,Residential,Fri May 16 00:00:00 EDT 2008,96140,38.62391,-121.439208,115.55288461538461
4738 OAKHOLLOW DR,SACRAMENTO,95842,CA,4,2,1292,Residential,Fri May 16 00:00:00 EDT 2008,105000,38.679598,-121.356035,81.26934984520123
3715 DIDCOT CIR,SACRAMENTO,95838,CA,4,2,1064,Residential,Fri May 16 00:00:00 EDT 2008,109000,38.635232,-121.460098,102.44360902255639
3409 VIRGO ST,SACRAMENTO,95827,CA,3,2,1320,Residential,Fri May 16 00:00:00 EDT 2008,115500,38.563402,-121.327747,87.5
1110 PINEDALE AVE,SACRAMENTO,95838,CA,3,2,1410,Residential,Fri May 16 00:00:00 EDT 2008,115620,38.660173,-121.440216,82.0
2361 LA LOMA DR,RANCHO CORDOVA,95670,CA,3,2,1115,Residential,Fri May 16 00:00:00 EDT 2008,116000,38.59368,-121.316054,104.03587443946188
1455 64TH AVE,SACRAMENTO,95822,CA,3,2,1169,Residential,Fri May 16 00:00:00 EDT 2008,122000,38.492177,-121.503392,104.36270316509838
7328 SPRINGMAN ST,SACRAMENTO,95822,CA,3,2,1164,Residential,Fri May 16 00:00:00 EDT 2008,122500,38.491991,-121.477636,105.2405498281787
119 SAINT MARIE CIR,SACRAMENTO,95823,CA,4,2,1341,Residential,Fri May 16 00:00:00 EDT 2008,123000,38.481454,-121.446644,91.72259507829978
12 COSTA BRASE CT,SACRAMENTO,95838,CA,3,2,1219,Residential,Fri May 16 00:00:00 EDT 2008,124000,38.655554,-121.464275,101.72272354388843
6813 SCOTER WAY,SACRAMENTO,95842,CA,4,2,1127,Residential,Fri May 16 00:00:00 EDT 2008,124000,38.69043,-121.361035,110.02661934338953
6548 GRAYLOCK LN,NORTH HIGHLANDS,95660,CA,3,2,1272,Residential,Fri May 16 00:00:00 EDT 2008,124413,38.686061,-121.369949,97.80896226415095
1630 GLIDDEN AVE,SACRAMENTO,95822,CA,4,2,1253,Residential,Fri May 16 00:00:00 EDT 2008,125000,38.482717,-121.499683,99.76057462090982
7825 DALEWOODS WAY,SACRAMENTO,95828,CA,3,2,1120,Residential,Fri May 16 00:00:00 EDT 2008,130000,38.477297,-121.411513,116.07142857142857
4073 TRESLER AVE,NORTH HIGHLANDS,95660,CA,2,2,1118,Residential,Fri May 16 00:00:00 EDT 2008,131750,38.659016,-121.370457,117.84436493738819
4288 DYMIC WAY,SACRAMENTO,95838,CA,4,3,1890,Residential,Fri May 16 00:00:00 EDT 2008,137721,38.646541,-121.441139,72.86825396825397
1158 SAN IGNACIO WAY,SACRAMENTO,95833,CA,3,2,1260,Residential,Fri May 16 00:00:00 EDT 2008,137760,38.623045,-121.486279,109.33333333333333
4904 J PKWY,SACRAMENTO,95823,CA,3,2,1400,Residential,Fri May 16 00:00:00 EDT 2008,138000,38.487297,-121.44295,98.57142857142857
2931 HOWE AVE,SACRAMENTO,95821,CA,3,1,1264,Residential,Fri May 16 00:00:00 EDT 2008,140000,38.619012,-121.415329,110.75949367088607
4055 DEERBROOK DR,SACRAMENTO,95823,CA,3,2,1466,Residential,Fri May 16 00:00:00 EDT 2008,150000,38.472117,-121.459589,102.31923601637108
6948 MIRADOR WAY,SACRAMENTO,95828,CA,4,2,1628,Residential,Fri May 16 00:00:00 EDT 2008,151000,38.493484,-121.42035,92.75184275184276
3150 ROSEMONT DR,SACRAMENTO,95826,CA,3,2,1428,Residential,Fri May 16 00:00:00 EDT 2008,156142,38.554927,-121.35521,109.34313725490196
8200 STEINBECK WAY,SACRAMENTO,95828,CA,4,2,1358,Residential,Fri May 16 00:00:00 EDT 2008,158000,38.474854,-121.404726,116.34756995581738
8198 STEVENSON AVE,SACRAMENTO,95828,CA,6,4,2475,Multi-Family,Fri May 16 00:00:00 EDT 2008,159900,38.465271,-121.40426,64.60606060606061
6824 OLIVE TREE WAY,CITRUS HEIGHTS,95610,CA,3,2,1410,Residential,Fri May 16 00:00:00 EDT 2008,160000,38.689239,-121.267737,113.47517730496453
3536 SUN MAIDEN WAY,ANTELOPE,95843,CA,3,2,1711,Residential,Fri May 16 00:00:00 EDT 2008,161500,38.70968,-121.382328,94.38924605493864
4517 OLYMPIAD WAY,SACRAMENTO,95826,CA,4,2,1483,Residential,Fri May 16 00:00:00 EDT 2008,161600,38.536751,-121.359154,108.96830748482805
8225 SCOTTSDALE DR,SACRAMENTO,95828,CA,4,2,1549,Residential,Fri May 16 00:00:00 EDT 2008,165000,38.487864,-121.402476,106.52033570045191
8758 LEMAS RD,SACRAMENTO,95828,CA,3,2,1410,Residential,Fri May 16 00:00:00 EDT 2008,165000,38.467487,-121.377055,117.02127659574468
5937 YORK GLEN WAY,SACRAMENTO,95842,CA,5,2,1712,Residential,Fri May 16 00:00:00 EDT 2008,168000,38.677003,-121.354454,98.13084112149532
6417 SUNNYFIELD WAY,SACRAMENTO,95823,CA,4,2,1580,Residential,Fri May 16 00:00:00 EDT 2008,168000,38.449153,-121.428272,106.32911392405063
4008 GREY LIVERY WAY,ANTELOPE,95843,CA,3,2,1669,Residential,Fri May 16 00:00:00 EDT 2008,168750,38.71846,-121.370862,101.10844817255841
8884 AMBERJACK WAY,SACRAMENTO,95828,CA,3,2,2161,Residential,Fri May 16 00:00:00 EDT 2008,170250,38.479343,-121.372553,78.78297084683017
4480 VALLEY HI DR,SACRAMENTO,95823,CA,3,2,1650,Residential,Fri May 16 00:00:00 EDT 2008,173000,38.466781,-121.450955,104.84848484848484
8531 HERMITAGE WAY,SACRAMENTO,95823,CA,4,2,1695,Residential,Fri May 16 00:00:00 EDT 2008,179000,38.448452,-121.428536,105.6047197640118
24 WINDCHIME CT,SACRAMENTO,95823,CA,3,2,1593,Residential,Fri May 16 00:00:00 EDT 2008,181000,38.44617,-121.427824,113.62209667294412
1207 CRESCENDO DR,ROSEVILLE,95678,CA,3,2,1770,Residential,Fri May 16 00:00:00 EDT 2008,182587,38.72446,-121.292829,103.15649717514124
1910 BONAVISTA WAY,SACRAMENTO,95832,CA,3,2,1638,Residential,Fri May 16 00:00:00 EDT 2008,187000,38.476048,-121.494961,114.16361416361417
5890 TT TRAK,FORESTHILL,95631,CA,0,0,0,Residential,Fri May 16 00:00:00 EDT 2008,194818,39.020808,-120.821518,0
6019 CHESHIRE WAY,CITRUS HEIGHTS,95610,CA,4,3,1736,Residential,Fri May 16 00:00:00 EDT 2008,195000,38.676437,-121.279165,112.32718894009217
3330 VILLAGE CT,CAMERON PARK,95682,CA,2,2,0,Residential,Fri May 16 00:00:00 EDT 2008,195000,38.690504,-120.996245,0
7849 BONNY DOWNS WAY,ELK GROVE,95758,CA,4,2,2306,Residential,Fri May 16 00:00:00 EDT 2008,204918,38.42139,-121.411339,88.86296617519514
1986 DANVERS WAY,SACRAMENTO,95832,CA,4,2,1800,Residential,Fri May 16 00:00:00 EDT 2008,207000,38.47723,-121.492568,115.0
7901 GAZELLE TRAIL WAY,ANTELOPE,95843,CA,4,2,1953,Residential,Fri May 16 00:00:00 EDT 2008,207744,38.71174,-121.342675,106.37173579109063
140 VENTO CT,ROSEVILLE,95678,CA,3,2,0,Condo,Fri May 16 00:00:00 EDT 2008,212500,38.793533,-121.289685,0
8442 KEUSMAN ST,ELK GROVE,95758,CA,4,2,2329,Residential,Fri May 16 00:00:00 EDT 2008,213750,38.449651,-121.414704,91.77758694718763
2733 YUMA CT,CAMERON PARK,95682,CA,2,2,0,Residential,Fri May 16 00:00:00 EDT 2008,215000,38.691215,-120.994949,0
9967 HATHERTON WAY,ELK GROVE,95757,CA,0,0,0,Residential,Fri May 16 00:00:00 EDT 2008,222500,38.3052,-121.4033,0
9264 BOULDER RIVER WAY,ELK GROVE,95624,CA,5,2,2254,Residential,Fri May 16 00:00:00 EDT 2008,222750,38.421713,-121.345191,98.82431233362911
137 GUNNISON AVE,SACRAMENTO,95838,CA,4,2,1991,Residential,Fri May 16 00:00:00 EDT 2008,225000,38.650729,-121.466483,113.00853842290306
8209 RIVALLO WAY,SACRAMENTO,95829,CA,4,3,2126,Residential,Fri May 16 00:00:00 EDT 2008,228750,38.459524,-121.3501,107.59642521166509
107 JARVIS CIR,SACRAMENTO,95834,CA,5,3,2258,Residential,Fri May 16 00:00:00 EDT 2008,232500,38.639891,-121.537603,102.96722763507529
8935 MOUNTAIN HOME CT,ELK GROVE,95624,CA,4,2,2111,Residential,Fri May 16 00:00:00 EDT 2008,233500,38.38751,-121.370276,110.61108479393653
9297 TROUT WAY,ELK GROVE,95624,CA,4,2,2367,Residential,Fri May 16 00:00:00 EDT 2008,240000,38.420637,-121.375798,101.39416983523448
4240 WINJE DR,ANTELOPE,95843,CA,4,2,2504,Residential,Fri May 16 00:00:00 EDT 2008,246750,38.70884,-121.359559,98.5423322683706
3569 SODA WAY,SACRAMENTO,95834,CA,0,0,0,Residential,Fri May 16 00:00:00 EDT 2008,247000,38.631139,-121.501879,0
6288 LONETREE BLVD,ROCKLIN,95765,CA,0,0,0,Residential,Fri May 16 00:00:00 EDT 2008,250000,38.804993,-121.293609,0
191 BARNHART CIR,SACRAMENTO,95835,CA,4,2,2605,Residential,Fri May 16 00:00:00 EDT 2008,257200,38.675594,-121.515878,98.73320537428023
1251 GREEN RAVINE DR,LINCOLN,95648,CA,4,2,0,Residential,Fri May 16 00:00:00 EDT 2008,267750,38.88156,-121.301343,0
6001 SHOO FLY RD,PLACERVILLE,95667,CA,0,0,0,Residential,Fri May 16 00:00:00 EDT 2008,270000,38.813546,-120.809254,0
3040 PARKHAM DR,ROSEVILLE,95747,CA,0,0,0,Residential,Fri May 16 00:00:00 EDT 2008,271000,38.770835,-121.366996,0
2674 TAM O SHANTER DR,EL DORADO HILLS,95762,CA,4,2,0,Residential,Fri May 16 00:00:00 EDT 2008,272700,38.695801,-121.079216,0
6007 MARYBELLE LN,SHINGLE SPRINGS,95682,CA,0,0,0,Unkown,Fri May 16 00:00:00 EDT 2008,275000,38.64347,-120.888183,0
2915 HOLDREGE WAY,SACRAMENTO,95835,CA,5,3,2494,Residential,Fri May 16 00:00:00 EDT 2008,276000,38.663728,-121.525833,110.66559743384121
865 CONRAD CT,PLACERVILLE,95667,CA,3,2,0,Residential,Fri May 16 00:00:00 EDT 2008,294000,38.729993,-120.802458,0
8253 KEEGAN WAY,ELK GROVE,95624,CA,0,0,0,Residential,Fri May 16 00:00:00 EDT 2008,298000,38.446286,-121.400817,0
9452 RED SPRUCE WAY,ELK GROVE,95624,CA,6,3,2555,Residential,Fri May 16 00:00:00 EDT 2008,300000,38.404505,-121.346938,117.41682974559687
5908 MCLEAN DR,ELK GROVE,95757,CA,5,3,2592,Residential,Fri May 16 00:00:00 EDT 2008,303000,38.38912,-121.434389,116.89814814814815
1104 HILLSDALE LN,LINCOLN,95648,CA,4,2,0,Residential,Fri May 16 00:00:00 EDT 2008,306000,38.865017,-121.32302,0
5222 COPPER SUNSET WAY,RANCHO CORDOVA,95742,CA,0,0,0,Residential,Fri May 16 00:00:00 EDT 2008,313000,38.529181,-121.224755,0
7921 DOE TRAIL WAY,ANTELOPE,95843,CA,5,3,3134,Residential,Fri May 16 00:00:00 EDT 2008,315000,38.711927,-121.343608,100.51052967453734
5321 DELTA DR,ROCKLIN,95765,CA,4,2,0,Residential,Fri May 16 00:00:00 EDT 2008,315000,38.815493,-121.262908,0
3372 BERETANIA WAY,SACRAMENTO,95834,CA,4,3,2962,Residential,Fri May 16 00:00:00 EDT 2008,322000,38.64977,-121.53448,108.7103308575287
3232 PARKHAM DR,ROSEVILLE,95747,CA,0,0,0,Residential,Fri May 16 00:00:00 EDT 2008,325500,38.772821,-121.364821,0
448 ELMWOOD CT,ROSEVILLE,95678,CA,3,2,0,Residential,Fri May 16 00:00:00 EDT 2008,326951,38.771917,-121.304439,0
1440 EMERALD LN,LINCOLN,95648,CA,2,2,0,Residential,Fri May 16 00:00:00 EDT 2008,330000,38.861864,-121.267478,0
7697 ROSEHALL DR,ROSEVILLE,95678,CA,5,3,0,Residential,Fri May 16 00:00:00 EDT 2008,347225,38.79218,-121.28595,0
4509 WINJE DR,ANTELOPE,95843,CA,3,2,2960,Residential,Fri May 16 00:00:00 EDT 2008,350000,38.709513,-121.359357,118.24324324324324
1965 LAURELHURST LN,LINCOLN,95648,CA,2,2,0,Residential,Fri May 16 00:00:00 EDT 2008,350000,38.853869,-121.271742,0
4165 BRISBANE CIR,EL DORADO HILLS,95762,CA,3,2,0,Residential,Fri May 16 00:00:00 EDT 2008,356200,38.686067,-121.073413,0
2274 IVY BRIDGE DR,ROSEVILLE,95747,CA,0,0,0,Residential,Fri May 16 00:00:00 EDT 2008,375000,38.778561,-121.362008,0
201 KIRKLAND CT,LINCOLN,95648,CA,0,0,0,Residential,Fri May 16 00:00:00 EDT 2008,389000,38.867125,-121.319085,0
12075 APPLESBURY CT,RANCHO CORDOVA,95742,CA,0,0,0,Residential,Fri May 16 00:00:00 EDT 2008,390000,38.5357,-121.2249,0
5420 ALMOND FALLS WAY,RANCHO CORDOVA,95742,CA,0,0,0,Residential,Fri May 16 00:00:00 EDT 2008,396000,38.527384,-121.233531,0
1515 EL CAMINO VERDE DR,LINCOLN,95648,CA,0,0,0,Residential,Fri May 16 00:00:00 EDT 2008,400000,38.904869,-121.32075,0
1792 DIAMOND WOODS CIR,ROSEVILLE,95747,CA,4,3,0,Residential,Fri May 16 00:00:00 EDT 2008,412500,38.808581,-121.32785,0
2818 KNOLLWOOD DR,CAMERON PARK,95682,CA,3,2,0,Residential,Fri May 16 00:00:00 EDT 2008,425000,38.669805,-120.999007,0
1536 STONEY CROSS LN,LINCOLN,95648,CA,0,0,0,Residential,Fri May 16 00:00:00 EDT 2008,433500,38.860007,-121.310946,0
509 CASTILLIAN CT,ROSEVILLE,95747,CA,5,3,0,Residential,Fri May 16 00:00:00 EDT 2008,438000,38.804773,-121.341195,0
2159 BECKETT DR,EL DORADO HILLS,95762,CA,3,2,0,Residential,Fri May 16 00:00:00 EDT 2008,460000,38.680092,-121.036467,0
4320 FOUR SEASONS RD,PLACERVILLE,95667,CA,3,2,0,Residential,Fri May 16 00:00:00 EDT 2008,475000,38.690867,-120.693641,0
6401 MARSHALL RD,GARDEN VALLEY,95633,CA,3,2,0,Residential,Fri May 16 00:00:00 EDT 2008,490000,38.84255,-120.8754,0
2089 BECKETT DR,EL DORADO HILLS,95762,CA,4,2,0,Residential,Fri May 16 00:00:00 EDT 2008,493000,38.681778,-121.035838,0
6196 EDGEHILL DR,EL DORADO HILLS,95762,CA,5,4,0,Residential,Fri May 16 00:00:00 EDT 2008,508000,38.676131,-121.038931,0
200 HILLSFORD CT,ROSEVILLE,95747,CA,0,0,0,Residential,Fri May 16 00:00:00 EDT 2008,511000,38.780051,-121.378718,0
4841 VILLAGE GREEN DR,EL DORADO HILLS,95762,CA,4,3,0,Residential,Fri May 16 00:00:00 EDT 2008,533000,38.664066,-121.056735,0
820 DANA CT,AUBURN,95603,CA,4,3,0,Residential,Fri May 16 00:00:00 EDT 2008,560000,38.865246,-121.094869,0
1800 AVONDALE DR,ROSEVILLE,95747,CA,5,3,0,Residential,Fri May 16 00:00:00 EDT 2008,600000,38.798448,-121.344054,0
4620 BROMWICH CT,ROCKLIN,95677,CA,4,3,0,Residential,Fri May 16 00:00:00 EDT 2008,600000,38.772672,-121.220232,0
4478 GREENBRAE RD,ROCKLIN,95677,CA,0,0,0,Residential,Fri May 16 00:00:00 EDT 2008,600000,38.781134,-121.222801,0
200 CRADLE MOUNTAIN CT,EL DORADO HILLS,95762,CA,0,0,0,Residential,Fri May 16 00:00:00 EDT 2008,622500,38.6478,-121.0309,0
2065 IMPRESSIONIST WAY,EL DORADO HILLS,95762,CA,0,0,0,Residential,Fri May 16 00:00:00 EDT 2008,680000,38.682961,-121.033253,0
2982 ABERDEEN LN,EL DORADO HILLS,95762,CA,4,3,0,Residential,Fri May 16 00:00:00 EDT 2008,879000,38.706692,-121.058869,0
3720 VISTA DE MADERA,LINCOLN,95648,CA,3,3,0,Residential,Fri May 16 00:00:00 EDT 2008,1551,38.851645,-121.231742,0
14151 INDIO DR,SLOUGHHOUSE,95683,CA,3,4,5822,Residential,Fri May 16 00:00:00 EDT 2008,2000,38.490447,-121.129337,0.3435245620061834
7401 TOULON LN,SACRAMENTO,95828,CA,4,2,1512,Residential,Thu May 15 00:00:00 EDT 2008,56950,38.488628,-121.387759,37.66534391534392
9127 NEWHALL DR Unit 34,SACRAMENTO,95826,CA,1,1,611,Condo,Thu May 15 00:00:00 EDT 2008,60000,38.542419,-121.359904,98.19967266775778
5937 BAMFORD DR,SACRAMENTO,95823,CA,2,1,876,Residential,Thu May 15 00:00:00 EDT 2008,61000,38.471139,-121.432255,69.63470319634703
5672 HILLSDALE BLVD,SACRAMENTO,95842,CA,2,1,933,Condo,Thu May 15 00:00:00 EDT 2008,62000,38.670467,-121.359799,66.45230439442658
3920 39TH ST,SACRAMENTO,95820,CA,2,1,864,Residential,Thu May 15 00:00:00 EDT 2008,68566,38.539213,-121.46393,79.35879629629629
701 JESSIE AVE,SACRAMENTO,95838,CA,2,1,1011,Residential,Thu May 15 00:00:00 EDT 2008,70000,38.643978,-121.449562,69.23837784371909
83 ARCADE BLVD,SACRAMENTO,95815,CA,4,2,1158,Residential,Thu May 15 00:00:00 EDT 2008,80000,38.618716,-121.466327,69.08462867012089
601 REGGINALD WAY,SACRAMENTO,95838,CA,3,2,1092,Residential,Thu May 15 00:00:00 EDT 2008,85500,38.64472,-121.452228,78.2967032967033
550 DEL VERDE CIR,SACRAMENTO,95833,CA,2,1,956,Condo,Thu May 15 00:00:00 EDT 2008,92000,38.627147,-121.500799,96.23430962343096
4113 DAYSTAR CT,SACRAMENTO,95824,CA,2,2,1139,Residential,Thu May 15 00:00:00 EDT 2008,93600,38.520469,-121.458606,82.17734855136084
7374 TISDALE WAY,SACRAMENTO,95822,CA,3,1,1058,Residential,Thu May 15 00:00:00 EDT 2008,95000,38.488238,-121.472561,89.79206049149339
3348 RIO LINDA BLVD,SACRAMENTO,95838,CA,3,2,1040,Residential,Thu May 15 00:00:00 EDT 2008,97750,38.628842,-121.446127,93.99038461538461
3935 LIMESTONE WAY,SACRAMENTO,95823,CA,3,2,1354,Residential,Thu May 15 00:00:00 EDT 2008,104000,38.484374,-121.463157,76.80945347119645
6208 GRATTAN WAY,NORTH HIGHLANDS,95660,CA,3,1,1051,Residential,Thu May 15 00:00:00 EDT 2008,105000,38.679279,-121.376615,99.90485252140819
4225 46TH AVE,SACRAMENTO,95824,CA,3,1,1161,Residential,Thu May 15 00:00:00 EDT 2008,109000,38.511893,-121.457676,93.88458225667527
1434 BELL AVE,SACRAMENTO,95838,CA,3,1,1004,Residential,Thu May 15 00:00:00 EDT 2008,110000,38.647398,-121.432914,109.56175298804781
5628 GEORGIA DR,NORTH HIGHLANDS,95660,CA,3,1,1229,Residential,Thu May 15 00:00:00 EDT 2008,110000,38.669587,-121.379879,89.50366151342556
7629 BETH ST,SACRAMENTO,95832,CA,3,2,1249,Residential,Thu May 15 00:00:00 EDT 2008,112500,38.480126,-121.487869,90.07205764611689
2277 BABETTE WAY,SACRAMENTO,95832,CA,3,2,1161,Residential,Thu May 15 00:00:00 EDT 2008,114800,38.479593,-121.48434,98.88027562446167
6561 WEATHERFORD WAY,SACRAMENTO,95823,CA,3,1,1010,Residential,Thu May 15 00:00:00 EDT 2008,116000,38.465551,-121.42661,114.85148514851485
3035 ESTEPA DR Unit 5C,CAMERON PARK,95682,CA,0,0,0,Condo,Thu May 15 00:00:00 EDT 2008,119000,38.681393,-120.996713,0
5136 CABOT CIR,SACRAMENTO,95820,CA,4,2,1462,Residential,Thu May 15 00:00:00 EDT 2008,121500,38.528479,-121.411806,83.10533515731875
7730 ROBINETTE RD,SACRAMENTO,95828,CA,3,2,1269,Residential,Thu May 15 00:00:00 EDT 2008,122000,38.47709,-121.410569,96.13869188337273
87 LACAM CIR,SACRAMENTO,95820,CA,2,2,1188,Residential,Thu May 15 00:00:00 EDT 2008,123675,38.532359,-121.41167,104.10353535353535
1691 NOGALES ST,SACRAMENTO,95838,CA,4,2,1570,Residential,Thu May 15 00:00:00 EDT 2008,126854,38.631925,-121.427775,80.79872611464968
3118 42ND ST,SACRAMENTO,95817,CA,3,2,1093,Residential,Thu May 15 00:00:00 EDT 2008,127059,38.546091,-121.457745,116.24794144556267
4071 EVALITA WAY,SACRAMENTO,95823,CA,3,2,1089,Residential,Thu May 15 00:00:00 EDT 2008,129500,38.466388,-121.458861,118.91643709825529
7928 36TH AVE,SACRAMENTO,95824,CA,3,2,1127,Residential,Thu May 15 00:00:00 EDT 2008,130000,38.52049,-121.411383,115.35048802129548
6631 DEMARET DR,SACRAMENTO,95822,CA,4,2,1309,Residential,Thu May 15 00:00:00 EDT 2008,131750,38.506382,-121.483574,100.64935064935065
97 KENNELFORD CIR,SACRAMENTO,95823,CA,3,2,1144,Residential,Thu May 15 00:00:00 EDT 2008,134000,38.462376,-121.426556,117.13286713286713
1530 TOPANGA LN Unit 204,LINCOLN,95648,CA,0,0,0,Condo,Thu May 15 00:00:00 EDT 2008,138000,38.88415,-121.270277,0
3604 KODIAK WAY,ANTELOPE,95843,CA,3,2,1206,Residential,Thu May 15 00:00:00 EDT 2008,142000,38.706175,-121.379776,117.74461028192371
2149 COTTAGE WAY,SACRAMENTO,95825,CA,3,1,1285,Residential,Thu May 15 00:00:00 EDT 2008,143012,38.603593,-121.417011,111.29338521400778
8632 PRAIRIEWOODS DR,SACRAMENTO,95828,CA,3,2,1543,Residential,Thu May 15 00:00:00 EDT 2008,145846,38.477563,-121.384382,94.52106286454958
8025 ARROYO VISTA DR,SACRAMENTO,95823,CA,4,2,1392,Residential,Thu May 15 00:00:00 EDT 2008,150000,38.46654,-121.419029,107.75862068965517
8636 LONGSPUR WAY,ANTELOPE,95843,CA,3,2,1670,Residential,Thu May 15 00:00:00 EDT 2008,157296,38.725873,-121.35856,94.18922155688622
4351 TURNBRIDGE DR,SACRAMENTO,95823,CA,3,2,1488,Residential,Thu May 15 00:00:00 EDT 2008,160000,38.502034,-121.456027,107.52688172043011
6513 HOLIDAY WAY,NORTH HIGHLANDS,95660,CA,3,2,1373,Residential,Thu May 15 00:00:00 EDT 2008,160000,38.685361,-121.376938,116.53313911143482
8321 MISTLETOE WAY,CITRUS HEIGHTS,95621,CA,4,2,1381,Residential,Thu May 15 00:00:00 EDT 2008,161250,38.717738,-121.308322,116.7632150615496
501 POPLAR AVE,WEST SACRAMENTO,95691,CA,0,0,0,Residential,Thu May 15 00:00:00 EDT 2008,165000,38.584526,-121.534609,0
8008 SAINT HELENA CT,SACRAMENTO,95829,CA,4,2,1608,Residential,Thu May 15 00:00:00 EDT 2008,165750,38.467012,-121.359969,103.07835820895522
10001 WOODCREEK OAKS BLVD Unit 815,ROSEVILLE,95747,CA,2,2,0,Condo,Thu May 15 00:00:00 EDT 2008,170000,38.795529,-121.328819,0
7351 GIGI PL,SACRAMENTO,95828,CA,4,2,1859,Multi-Family,Thu May 15 00:00:00 EDT 2008,170000,38.490606,-121.410173,91.4470145239376
7342 DAVE ST,SACRAMENTO,95828,CA,3,1,1638,Residential,Thu May 15 00:00:00 EDT 2008,170725,38.490822,-121.401643,104.22771672771673
26 KAMSON CT,SACRAMENTO,95833,CA,3,2,1582,Residential,Thu May 15 00:00:00 EDT 2008,172000,38.622794,-121.499173,108.72313527180783
8879 APPLE PEAR CT,ELK GROVE,95624,CA,4,2,1477,Residential,Thu May 15 00:00:00 EDT 2008,176850,38.44574,-121.3725,119.73595125253892
9 WIND CT,SACRAMENTO,95823,CA,4,2,1497,Residential,Thu May 15 00:00:00 EDT 2008,179500,38.45073,-121.427528,119.90647962591851
1550 TOPANGA LN Unit 207,LINCOLN,95648,CA,0,0,0,Condo,Thu May 15 00:00:00 EDT 2008,188000,38.88417,-121.270222,0
6622 WILLOWLEAF DR,CITRUS HEIGHTS,95621,CA,4,3,1892,Residential,Thu May 15 00:00:00 EDT 2008,189836,38.699714,-121.311635,100.33615221987316
27 MEGAN CT,SACRAMENTO,95838,CA,4,2,1887,Residential,Thu May 15 00:00:00 EDT 2008,190000,38.649258,-121.465308,100.68892421833598
1973 DANVERS WAY,SACRAMENTO,95832,CA,3,2,1638,Residential,Thu May 15 00:00:00 EDT 2008,191675,38.477568,-121.492574,117.01770451770452
8001 ARROYO VISTA DR,SACRAMENTO,95823,CA,3,2,1677,Residential,Thu May 15 00:00:00 EDT 2008,195500,38.46734,-121.419843,116.57722122838402
1525 PENNSYLVANIA AVE,WEST SACRAMENTO,95691,CA,0,0,0,Residential,Thu May 15 00:00:00 EDT 2008,200100,38.569943,-121.527539,0
6600 SILVERTHORNE CIR,SACRAMENTO,95842,CA,4,3,1968,Residential,Thu May 15 00:00:00 EDT 2008,205000,38.68607,-121.342369,104.16666666666667
8445 OLD AUBURN RD,CITRUS HEIGHTS,95610,CA,3,2,1882,Residential,Thu May 15 00:00:00 EDT 2008,219000,38.715423,-121.246743,116.36556854410202
9197 CORTINA CIR,ROSEVILLE,95678,CA,3,2,0,Condo,Thu May 15 00:00:00 EDT 2008,220000,38.793152,-121.290025,0
3557 SODA WAY,SACRAMENTO,95834,CA,0,0,0,Residential,Thu May 15 00:00:00 EDT 2008,224000,38.631026,-121.501879,0
2181 WINTERHAVEN CIR,CAMERON PARK,95682,CA,3,2,0,Residential,Thu May 15 00:00:00 EDT 2008,224500,38.69757,-120.995739,0
9169 GARLINGTON CT,SACRAMENTO,95829,CA,4,3,2280,Residential,Thu May 15 00:00:00 EDT 2008,232425,38.457679,-121.35962,101.9407894736842
